Time slot,DQNAgent,DoubleDQN,DuelingDQN
1,448.1448261,452.0240952,452.0240952
2,492.1851885,493.0246181,490.0024488
3,524.2950351,522.7085226,510.7468016
4,476.111771,484.0619957,483.7840389
5,514.6887821,513.9622212,501.8467763
6,496.4032003,495.0097826,494.4575433
7,505.92565,496.1841443,492.9496865
8,512.1233989,512.2179052,517.415247
9,517.1756291,507.6768319,522.5839551
10,445.348858,437.1913212,450.1516477
11,472.1105839,461.7516951,474.9044461
12,513.7444299,501.6199172,515.3087078
13,510.6563977,499.9307085,516.2109862
14,491.8118606,484.5956488,478.9369495
15,490.4064325,481.8068609,496.1380225
16,491.2790642,484.9485527,481.3985416
17,491.5684711,488.0084026,482.7075382
18,458.2447087,449.620098,460.0384322
19,467.0769552,461.8992066,445.0316013
20,514.5329035,504.1358735,493.2210294
21,469.0362454,463.7273796,464.1820775
22,495.265206,489.4405541,499.9898494
23,503.9079655,508.1306519,499.3403178
24,486.4303962,475.1335845,463.7894827
25,494.5068768,489.3332688,487.1799688
26,460.9771967,460.1150597,471.8649898
27,507.4746825,502.1890907,507.2347058
28,424.8354565,424.1835051,413.1736588
29,505.3674313,499.9629242,496.8403286
30,475.1659403,485.722384,492.771655
31,478.1530592,472.308314,464.8897162
32,507.3971917,498.8396854,459.8325471
33,428.2276664,418.0955973,427.9848314
34,457.2910456,450.637665,459.2689364
35,436.432472,444.4588502,455.0537057
36,521.4759007,510.5821337,521.2540669
37,529.3930379,519.4918734,477.6578786
38,462.555227,455.7646308,459.3726181
39,491.3011125,480.8247562,479.2859639
40,497.0101589,485.8614744,477.8514682
41,470.5052769,472.7972383,493.3881852
42,466.4908498,471.4762391,491.9982565
43,469.4444554,471.8387299,480.4854116
44,477.8599607,463.7434306,472.3682179
45,495.4636593,497.9181523,493.5864223
46,521.4354763,512.3093448,477.1369351
47,522.3045515,506.9354849,471.5753051
48,512.6165314,489.2085433,485.4521358
49,529.8901536,495.1156987,469.21565
50,476.9038754,479.3676348,486.8476745
51,442.9440571,439.5655518,438.2363758
52,474.4068379,472.0417788,469.3759473
53,476.072777,436.5832936,457.3894173
54,483.6139872,471.4566127,466.8706819
55,536.8641435,491.7138468,493.8099409
56,537.5001175,496.2951317,479.0146012
57,484.4708329,472.8589524,480.0684297
58,453.4382223,441.8864015,458.2751633
59,428.8785452,417.0775624,408.6638022
60,513.980572,473.2302018,474.1359295
61,516.4163604,473.1220485,444.895499
62,453.0871359,454.9955259,456.6829434
63,519.0444473,470.9007258,473.4786523
64,516.3978206,473.7828826,499.1495608
65,514.415924,471.1094147,451.4975886
66,462.1155988,420.5940764,424.6026828
67,486.4206344,484.7791963,488.7183729
68,396.0421914,393.2550304,420.4079529
69,495.40789,450.4495699,440.2337773
70,460.3985975,460.6368598,472.5280704
71,525.731827,476.8627956,455.8087378
72,437.9540019,429.2073763,438.4064487
73,447.6240238,440.737935,463.5513153
74,475.111444,461.2979522,468.2999064
75,463.732084,466.8392916,492.7382667
76,507.7323071,457.1215688,450.2803871
77,502.8274325,458.0823737,476.5721347
78,459.7552907,463.7295029,489.4293128
79,470.5704793,463.6103517,461.2853779
80,442.8845169,411.5022662,430.8945151
81,476.8040978,450.0526504,449.8482857
82,513.5945827,468.3847001,460.8686461
83,518.669279,477.8386997,478.5088871
84,411.9126054,420.2210129,436.0283073
85,442.1415249,439.1567297,437.9176917
86,476.5528558,470.4567076,466.8142021
87,454.2762185,430.24968,445.9249755
88,444.0145045,454.7634132,467.5690278
89,475.7202388,469.8103879,468.2519392
90,504.8936065,465.4171333,453.9463429
91,472.8213166,463.3148443,466.0200964
92,463.5238691,431.0265798,429.9946307
93,502.1936168,458.4496803,457.8096909
94,467.7859272,441.3782469,440.6429454
95,473.8131328,463.3386738,460.1217757
96,468.236669,428.7418724,458.8611396
97,459.8615402,442.7640556,444.3966392
98,424.5169375,402.0470692,405.8769854
99,519.2163408,470.2995621,462.4964603
100,422.8207869,385.8493411,407.6137011
101,486.096324,440.7366468,436.6259546
102,467.9957577,475.2017087,473.3948848
103,526.6571359,474.6025192,465.5554518
104,438.5076251,445.7031944,451.4556373
105,452.8246086,446.8129161,443.673192
106,441.4570927,430.6688019,448.1097073
107,490.4464527,439.9545552,454.1613766
108,440.3163822,431.4462981,452.7748494
109,474.6087081,469.7021467,466.339294
110,442.8298432,437.9486089,443.8907573
111,431.5027045,439.4451631,432.8306811
112,422.610116,386.8436024,397.4406647
113,468.1443737,447.8284347,454.1302706
114,412.2190573,398.5927741,398.7196495
115,469.2282908,421.3323073,425.020914
116,492.9286425,439.0853844,444.1664318
117,485.7470471,451.3765294,446.6401294
118,459.8681951,428.963867,440.6993785
119,401.480906,385.1638326,392.7498328
120,470.069748,453.2238082,467.9617215
121,492.6592424,444.83,451.5683308
122,457.8429763,426.3846621,444.0672428
123,428.4687656,416.5991028,436.5753791
124,468.3905522,419.1891708,417.6723451
125,430.8577798,411.8143191,407.517429
126,461.8840348,442.5733986,463.8688632
127,431.3565927,420.6277456,417.8221481
128,432.9720184,435.3022646,430.7902717
129,427.5573354,399.2846688,397.3872839
130,481.8664958,434.9685702,450.14721
131,468.2032613,459.7553164,452.3250661
132,453.5120532,456.2087853,446.2385453
133,458.6712588,443.7085707,441.8777455
134,425.1922149,405.075128,433.0345569
135,461.1801546,426.4710736,434.2821614
136,454.5350405,448.2148957,460.4645743
137,475.0774153,445.9806165,434.2658795
138,464.0890947,422.5823457,474.986492
139,482.8300747,429.9083909,436.7549957
140,520.3838979,456.6125308,461.9059575
141,464.7376017,424.0006062,471.139462
142,458.4327745,401.769653,413.9264081
143,492.7342741,455.9489608,444.132128
144,475.6661152,414.9533777,420.0719684
145,463.5583781,462.5699324,455.3440137
146,449.7972565,445.076607,427.3362681
147,465.7802821,402.0162031,415.8502527
148,491.5136676,426.6278347,442.336568
149,404.8286924,410.1410873,395.0312902
150,464.2230092,466.4615534,455.2852896
151,445.3570757,414.575997,419.9475266
152,480.3369971,417.3881519,431.8400212
153,491.4800831,440.8860845,438.0928287
154,491.1051533,417.8234788,439.7679114
155,419.2900486,389.4700803,422.1710687
156,499.0121725,446.2592327,457.7098248
157,516.9427141,444.5734613,466.3037342
158,425.5234819,382.3094531,417.8918942
159,458.1404131,382.7575478,427.5276657
160,508.7613507,435.3177342,453.246938
161,464.709307,440.7922423,448.0869649
162,428.1505005,430.7700835,408.2713985
163,451.1800639,456.5504925,426.3175927
164,525.128626,447.4445398,468.4082433
165,529.2111053,450.9173703,466.6903846
166,464.9044424,411.8126384,473.5303764
167,519.7766881,447.0177714,464.796037
168,518.5113565,446.5760576,463.8255155
169,486.7253,415.0617591,465.5793229
170,475.6894623,412.3705547,426.8391454
171,500.8513439,428.0858426,441.5856736
172,513.74984,440.3758553,457.0508036
173,425.5410832,384.8768794,422.5925471
174,458.9664553,436.8580296,408.5954819
175,457.0981601,430.6299771,403.4610775
176,452.8418009,398.1980831,452.9977546
177,476.4313967,418.4803263,435.1537222
178,516.4351852,445.9716283,462.8523669
179,485.6218605,418.816379,435.9593104
180,442.4070771,402.0168366,414.891221
181,438.491989,413.1533103,440.0232445
182,419.4368004,378.0531182,428.2682906
183,444.4061295,417.4302677,438.5939146
184,466.4191947,427.7006339,458.9600375
185,515.9270178,448.9522462,463.0328941
186,512.0054647,447.5448953,465.547701
187,420.6217642,370.08529,380.8640102
188,476.0492778,433.2966826,429.5239152
189,470.4950042,419.0161776,424.476907
190,431.0833509,404.810915,416.9401403
191,507.5181422,450.5770104,460.4049625
192,441.8078158,402.8606705,411.7741951
193,438.7200289,392.42121,404.8819984
194,471.7233873,417.7554612,427.0703551
195,413.9440341,372.0034049,404.0407459
196,479.2427225,428.5522173,436.501929
197,457.8656234,427.0049285,415.7648685
198,507.1476761,448.8507684,452.9419481
199,433.8205741,409.5802387,411.2927577
200,485.7471144,436.0940157,442.210787
201,403.754196,384.8207193,412.812293
202,451.6076835,384.2993061,454.4238581
203,409.5631585,387.659141,399.3141084
204,502.1728967,445.7463684,454.6591341
205,503.4538595,446.496866,455.3423536
206,422.660639,389.7311002,393.1169698
207,426.3185188,379.9577289,429.5271767
208,494.0810443,434.1394922,451.1807226
209,430.9232263,399.0902642,420.4877427
210,440.0522014,420.4043658,379.5996183
211,453.1156758,405.2275828,409.8593455
212,434.9364641,379.2180297,458.2751847
213,425.0703635,382.0103552,432.9763943
214,436.5668674,384.9029519,409.5425888
215,435.2943749,381.9688733,423.7848929
216,493.4024973,428.1012939,449.417311
217,459.4959111,390.2008777,411.9055152
218,503.9355141,431.9263445,454.9797785
219,379.2676782,363.4711476,402.0976775
220,422.9328312,372.646162,389.1323708
221,410.0748224,355.7324086,401.9956944
222,492.7807659,431.7262126,453.8542094
223,434.9770254,381.3865417,411.6288762
224,447.1593934,406.2369014,453.4399727
225,449.2763047,397.9744176,435.9833324
226,422.1039338,373.542118,404.9387942
227,419.7876762,368.4977143,388.0188727
228,428.6015408,401.9967149,401.222705
229,430.118156,372.9319494,443.609006
230,403.6784219,375.3677173,376.9224908
231,407.9187137,365.5430854,372.2751607
232,387.8811565,376.9842421,368.9105513
233,445.9666014,395.6134886,418.5130315
234,401.4800453,346.2154165,395.6231334
235,373.1294726,366.4260376,382.8514912
236,415.1461489,369.1206216,421.2071153
237,393.8318881,364.9336741,385.3269284
238,488.6342256,434.0178241,450.6821033
239,469.5029482,410.7420717,418.7618777
240,421.8508785,378.3546694,417.7192236
241,415.2170315,392.6941988,380.5575542
242,401.1146955,379.8189313,359.8869027
243,444.8931276,399.8003753,410.0223892
244,424.351705,380.2555043,380.6693701
245,427.554305,375.4984477,401.9296727
246,429.5090504,377.9721114,420.9070531
247,443.3766509,388.2666136,423.57793
248,477.8655924,416.7341582,416.7773276
249,481.7033069,417.7363835,416.8524667
250,474.664983,413.3458668,414.3801307
251,429.5414751,370.1663744,388.9900844
252,410.7045573,357.953703,403.7477619
253,424.7179897,371.211662,385.0935963
254,458.1523362,392.9390088,417.881631
255,404.3623521,371.0994683,390.1799508
256,486.90811,428.1742156,427.034123
257,413.2709435,384.0869558,439.4365795
258,472.6916104,412.4143039,413.3268532
259,450.7707959,398.4804023,393.9369386
260,441.4721428,386.4171865,382.1635814
261,392.1882631,338.5709535,405.7544662
262,438.7372523,380.4554093,396.491964
263,427.0800728,388.5384075,408.1096697
264,407.7585374,357.576525,405.5669852
265,463.7220825,390.7839263,422.6884582
266,413.6921167,384.3831889,393.5750792
267,443.8215156,365.3466312,377.8291257
268,432.8731721,394.098461,383.9139345
269,388.62836,344.8365341,403.8519854
270,398.4545708,333.5376559,373.6935325
271,405.4610083,376.7698182,386.1629587
272,419.3770094,358.5368169,419.0523229
273,390.4646705,364.8103229,436.395344
274,404.2946393,363.5973402,414.1958152
275,429.6136921,367.0955284,383.5040971
276,437.8614769,388.0658427,421.2656359
277,423.3271043,390.884954,420.7961945
278,436.7122153,372.0625892,417.4098262
279,390.409966,354.8586701,418.4213357
280,429.4796092,363.049443,378.2175812
281,426.7192075,393.9669108,406.5857586
282,378.6816396,355.2132721,386.7019818
283,438.3274661,369.0267371,392.8345907
284,451.3956483,383.5420141,412.120862
285,433.099887,366.486294,391.8996257
286,430.7063513,364.0537525,411.3022746
287,476.3808978,406.3547416,414.8334257
288,402.9932364,351.303395,384.6758948
289,470.3121628,396.1368045,405.4802149
290,406.7315445,344.7616584,402.8291319
291,447.2864617,377.2419738,389.9679098
292,379.9685447,344.0091575,418.870454
293,433.8484492,367.9922463,402.9048948
294,376.0851151,334.8186931,378.5564607
295,466.2719722,391.2342014,412.4385661
296,387.7714018,342.3719904,422.9565895
297,453.113314,381.9686716,396.7886837
298,393.1367162,335.9711223,382.3815027
299,459.3589016,384.0676467,410.6015922
300,463.5041025,388.7865351,443.1541507
301,457.069954,380.2692251,432.8699247
302,371.1226064,313.1736945,332.0434422
303,420.2980632,356.1376821,403.6520935
304,397.384187,341.3270384,408.6821078
305,391.2023036,340.8036721,415.7728432
306,404.0381172,377.8219742,390.0219598
307,398.3264628,347.7458105,398.1391139
308,400.8395733,342.6775347,386.7454014
309,446.9632848,378.8419962,400.9438432
310,401.3983823,357.8446887,437.9054521
311,385.0963886,321.1551672,406.4781603
312,380.7726908,335.4803977,364.8170113
313,423.3375232,362.0346054,398.3306898
314,435.2275567,360.0948553,387.553243
315,419.7337298,344.2224306,415.618861
316,402.8407377,346.670088,410.4595773
317,428.2867614,353.8606626,427.5329068
318,447.7540647,371.27607,392.1337092
319,394.7642111,347.3257163,394.3930172
320,462.0967935,386.7361532,415.383643
321,381.7978934,326.6770544,419.5521536
322,388.8687312,320.2587459,412.9520967
323,396.471087,349.5898809,403.299563
324,429.8702605,354.555355,391.5378859
325,386.2139123,329.5133555,371.5380798
326,461.8985261,382.931635,407.8013137
327,449.9284011,372.6888142,406.7681574
328,388.1141508,324.2874148,397.6807917
329,448.6673555,374.4009865,397.6323806
330,412.8118636,344.8449947,381.7890729
331,410.9934065,340.8068328,392.6421714
332,394.2629304,330.9399962,353.0289203
333,373.962923,337.3044044,415.8767906
334,453.1071834,364.7834551,397.589476
335,415.4951214,340.6876892,402.6794378
336,383.3461492,328.5607707,408.4049346
337,363.0645889,330.8416561,364.0085289
338,448.7933398,361.4912642,389.0326869
339,434.9264662,348.5599349,423.1511994
340,339.5778971,307.7351564,330.6985022
341,385.5398684,304.5579795,398.0358548
342,427.4062614,347.0003211,383.6558649
343,409.4856144,328.4649318,430.6596106
344,452.8893177,360.4943733,387.0510046
345,375.2603602,339.8831451,361.7734375
346,379.1760342,341.029786,407.7360615
347,435.5101626,352.0785504,410.2729118
348,447.7649424,362.546658,429.8528295
349,402.2590393,300.1444602,388.2254533
350,421.3709311,337.6970528,415.0152352
351,396.4387206,326.3366796,388.3335492
352,467.1013147,373.4514836,402.1859713
353,392.0137034,321.3109722,382.5219617
354,386.9982083,320.4304962,359.9708127
355,473.5215755,378.6881802,409.6955541
356,451.5720941,364.2010012,395.3830171
357,380.127827,313.4574217,326.6140778
358,456.6188594,365.9959728,396.1469053
359,448.4539371,363.7472182,390.6890049
360,372.4498639,329.9205285,381.2665246
361,344.7117838,302.9437548,313.8060149
362,441.0258283,358.7946994,389.9640067
363,339.4444037,293.354965,321.0722316
364,408.7733776,332.3048044,369.4590051
365,431.0702267,344.2860907,388.423676
366,407.8633414,331.2217055,383.2687619
367,381.158662,333.5394816,359.0304612
368,432.2633316,347.4409825,378.0529894
369,455.204753,366.9075522,388.74892
370,436.407223,356.8079262,374.3992406
371,437.001982,352.5045107,380.9004027
372,417.6923839,339.9620265,377.3105637
373,470.5201638,379.1694774,406.7722117
374,444.0089346,360.2827897,383.4106859
375,346.4607003,296.4045742,317.7747234
376,440.4498815,354.0269492,377.7670474
377,459.3713052,364.3425449,404.3907138
378,383.1517988,309.0822649,354.2720941
379,366.3905426,298.5791434,376.9515874
380,413.628967,334.7007287,381.0621429
381,368.6903159,299.0975474,365.585991
382,413.320428,323.2410686,374.3216004
383,464.721174,359.0493213,402.963494
384,441.6498496,345.9783165,383.493068
385,398.1660455,311.9191012,347.0645246
386,392.3170717,315.8125162,342.1031178
387,346.5207694,304.8164381,337.0244025
388,459.9229117,358.9267537,405.1942626
389,428.1055368,337.6707931,368.354997
390,459.5003499,353.6072666,393.4456321
391,359.082075,290.8943756,383.9590255
392,396.7483846,308.661376,370.4753903
393,404.9863269,319.5696063,343.658319
394,368.5871788,304.834189,373.5482957
395,388.9414377,298.2539678,374.0846724
396,396.2872619,309.7212925,349.0934296
397,369.6224779,277.2319832,358.6678005
398,356.2363212,321.5516323,337.7859866
399,429.226041,323.8236434,377.5375124
400,358.6857872,311.7320153,360.9657265
401,449.199368,321.5137931,387.6799079
402,360.5875274,288.553611,354.8642089
403,458.8034624,329.5291862,384.3814856
404,395.1493737,320.133119,358.673154
405,383.5399274,319.8125473,367.0230569
406,399.6436129,301.3331925,361.9557913
407,359.5812703,287.653338,377.6640117
408,410.5999365,292.2295488,350.6248499
409,452.9791298,324.9396197,377.0278414
410,423.1948394,304.8788805,373.5492856
411,432.4283926,311.0883932,363.2980054
412,414.5142135,305.4000761,354.9979487
413,453.7463708,321.0567959,363.0889405
414,364.6983057,304.1652147,334.9358886
415,379.7507082,311.248726,378.5895185
416,434.2257484,319.2065017,375.1069805
417,446.9163416,321.0112814,369.4857948
418,417.1865603,305.509849,366.1917992
419,364.4434272,316.0556627,338.4429369
420,425.7129572,316.4402577,357.4328477
421,431.2135122,311.7152717,375.0992393
422,342.2309764,276.7086673,352.7002964
423,353.5516254,297.8628464,375.816221
424,354.9485005,274.8842495,306.6842857
425,414.5691936,307.6301722,332.6336762
426,432.4747047,315.1170488,363.3764356
427,331.6509228,267.0355364,326.1074195
428,353.8872419,301.5933335,366.7768392
429,442.1481981,322.1170155,349.6612664
430,366.0879775,275.0068524,307.4376336
431,391.5400481,293.9708666,340.6451102
432,433.9541337,318.0988946,357.6153855
433,400.3282219,299.1636063,336.9152045
434,407.2684917,302.0420361,333.3863595
435,361.6094576,286.854043,350.9556496
436,374.2127943,301.1366891,377.0452007
437,424.5563619,309.6067026,366.7808356
438,449.6330563,325.6352608,373.2019345
439,397.6223453,300.6522429,325.1192419
440,415.3517229,305.6718958,352.2675952
441,380.9991756,308.9701169,358.5186831
442,446.1336115,314.4603551,368.1397631
443,380.3254433,301.6880779,338.2992869
444,398.7504375,285.2802521,331.3993986
445,396.1424899,284.3954808,375.8696257
446,432.6280818,305.5728863,345.1419133
447,442.673127,317.7197965,362.0462492
448,363.4867123,300.6521803,353.3803023
449,396.8256164,302.6961106,345.4071306
450,412.7385771,299.2517369,356.1180867
451,407.3845996,285.284109,345.6306322
452,383.899392,289.6263965,360.8982865
453,341.2529439,294.1129612,336.1297303
454,368.1827257,281.9145348,362.2694682
455,397.7598509,277.7601727,324.9487633
456,365.570607,296.0206696,336.0087166
457,355.2616777,309.553473,360.3294731
458,391.0693305,309.3407339,359.1637206
459,415.7055862,307.3818525,358.0149464
460,415.3157687,288.7487351,369.2403842
461,372.1060958,266.3365887,342.9662493
462,346.9456037,288.3062521,329.0986461
463,402.8974404,270.8440627,303.6251863
464,427.2930689,274.0300326,327.2367331
465,420.955675,258.3268019,317.539028
466,416.1907103,283.1938116,325.1468602
467,381.6512191,293.2891432,366.4783367
468,342.5995933,266.3951932,300.006244
469,385.1368255,265.8134703,333.3640302
470,356.2554631,281.739745,326.8795224
471,408.5149274,296.9260283,353.8472763
472,362.4827026,294.9866899,329.275369
473,348.6264793,283.8059802,346.1219628
474,392.4954555,275.1233404,354.6309418
475,429.1854224,295.495778,361.7685515
476,368.2235509,244.6384339,317.6135397
477,335.1449162,282.3064303,332.3874827
478,364.4467895,269.4357152,359.6369581
479,402.9327239,284.5537635,376.1802667
480,409.2247001,273.6741291,365.9132683
481,342.2330437,268.5757517,368.5601663
482,319.8699127,271.429495,336.0735528
483,383.6748279,281.7740888,324.0558768
484,329.2759387,283.6050286,335.6237191
485,421.3960788,267.9800498,308.8694939
486,384.4975407,272.6074724,331.1889603
487,364.3928076,266.8638298,354.3890168
488,411.6739928,272.224639,344.6810505
489,380.9940821,251.743165,295.1232688
490,415.7302507,268.8536234,352.1144437
491,417.7581698,269.4862415,369.0864218
492,348.3718746,290.3384534,351.7822031
493,399.0195422,263.08626,329.2695177
494,426.7459521,270.1840234,320.6011503
495,327.9150222,271.0314256,319.0126746
496,370.747279,268.6617114,379.8708753
497,407.5258181,263.5941405,363.5148085
498,380.2331564,280.0433307,326.1751236
499,342.0012339,280.4525905,312.3970263
500,385.3087257,278.8692319,316.2337251
501,330.5687344,276.4775398,302.0778419
502,345.4005251,286.0513522,353.6164754
503,348.624885,282.6755418,312.7513741
504,425.0538606,278.0110117,331.8185106
505,403.916418,264.5435001,371.9127115
506,397.975846,254.9942292,310.0098896
507,383.8792127,276.1185792,334.3803998
508,335.5042547,276.7949632,321.1594362
509,353.7946406,273.9688981,328.1085219
510,389.8067153,268.1104252,373.6183626
511,421.5060812,278.4522937,325.4484575
512,378.8856859,271.8171325,327.9600367
513,362.3538811,263.3135626,318.2253283
514,399.1592628,273.5303007,297.6815769
515,401.1106139,273.5432191,366.8923562
516,399.3290001,271.6503858,350.7203965
517,412.4608833,265.5399305,314.1063761
518,325.4773505,273.9947019,315.918585
519,412.4620383,275.0435029,317.2841704
520,346.31169,264.3305348,303.6991196
521,409.6074357,273.026291,357.3178083
522,428.8396842,267.0122356,337.0896222
523,326.622647,261.5302734,304.9509506
524,417.9001063,276.6522444,339.2235508
525,402.8330987,272.3991382,342.7281175
526,338.6693427,271.3575585,300.8194937
527,357.7530784,294.1144008,313.7806854
528,335.837393,269.9745445,332.4654962
529,414.0512075,268.5552478,278.9311598
530,368.141614,277.5705272,305.2677554
531,384.3736345,282.0811002,332.4489625
532,371.1156226,272.7015781,297.6217729
533,408.8729519,273.0321025,344.9437639
534,386.3601902,266.6331556,301.1046897
535,343.6402526,261.5054601,312.3057785
536,323.6833408,269.0671085,320.1787221
537,340.5517746,270.5922885,291.9177732
538,397.6061202,298.6479933,315.6845794
539,412.1704783,283.5421301,290.8899707
540,381.9400113,292.8119615,304.9740561
541,388.5384042,285.6210962,299.6634005
542,382.3612772,295.8006407,293.32296
543,388.373948,274.4921565,314.7265754
544,377.0256634,288.838718,307.75586
545,339.6990613,253.7400925,318.7008978
546,392.3927705,284.658972,300.1881981
547,358.3137808,271.5709071,349.6881859
548,387.1605018,290.7649114,321.1743655
549,345.4636274,286.3051134,341.7784544
550,389.6434855,273.3635971,334.2496478
551,344.7036774,285.1835113,315.2850733
552,371.4556256,270.8275691,312.3329546
553,398.293865,294.0941717,358.7787579
554,408.1806878,277.8718633,295.5824134
555,361.0738621,270.3955289,305.1280608
556,378.7159755,285.914661,312.6223623
557,419.7126692,291.4389057,324.2272595
558,422.05037,277.6304924,309.0878848
559,371.3976853,261.872486,312.3225221
560,402.0472929,275.7294947,298.8964992
561,409.8888146,282.8254522,344.2690421
562,314.4511767,293.3234831,312.1114867
563,385.9562177,283.8018011,302.3334948
564,353.7951503,262.8978369,310.9724217
565,361.7565174,301.2163427,296.4658992
566,340.3221317,284.1238406,342.7726068
567,391.4713615,268.4104727,291.1396584
568,357.059545,274.2818001,283.6838358
569,374.8752273,297.1984787,299.1479261
570,355.7980763,268.7188244,291.7371797
571,344.3286561,270.817647,319.3267585
572,383.8284646,296.5684697,329.2306353
573,328.1558065,284.7802923,303.420953
574,367.3144999,287.6888587,285.1052044
575,364.0327246,294.9858993,306.2588857
576,415.8439991,268.9203585,307.0268238
577,383.5896835,277.6775998,307.2895096
578,339.4647949,290.1258852,299.0964051
579,327.2853243,274.5898878,302.9813638
580,419.3684976,281.8438605,301.5465384
581,385.0116436,293.6389433,314.6493932
582,396.6838072,289.9650643,328.3492429
583,322.1938975,296.899246,304.3416581
584,337.9850798,317.9240464,319.3019832
585,337.2586223,294.6341052,322.1317393
586,380.329698,276.8741725,298.559922
587,313.9935349,286.4506112,301.3002998
588,335.6752689,290.4035654,316.0229591
589,338.4885281,283.2796011,332.638822
590,409.8785822,291.9108768,330.7467503
591,387.3240511,298.7952349,301.457414
592,411.3333485,297.132452,312.877193
593,360.4970066,278.0271861,310.2440479
594,307.7287512,279.7617424,325.3380375
595,335.4552006,290.0515635,296.9781981
596,358.6488296,306.5587738,295.1614311
597,355.1127678,290.1386134,322.4453057
598,313.5478193,294.9933079,299.2759474
599,406.4637981,282.5724076,308.2930405
600,355.4969083,274.7302248,314.654352
601,380.730201,289.6455393,301.2299693
602,297.9351227,275.8013214,292.8271044
603,318.5746854,291.9132548,295.9746956
604,324.4931426,278.4232512,278.7464653
605,323.8740124,294.045624,301.1418456
606,312.6552038,301.4296115,330.5795037
607,378.1796289,301.2137919,285.9073031
608,389.6817635,262.4091522,298.8027399
609,406.8621692,291.9732047,267.5236772
610,349.9283948,294.0825804,295.6847713
611,349.7109102,287.788744,293.0002445
612,308.4947852,292.5680437,308.2287016
613,363.9459483,284.1293408,288.6367044
614,300.6743641,308.7112725,291.0299199
615,334.3626483,287.6874364,313.907575
616,304.5275865,332.4406137,306.6119956
617,350.1760012,303.2409132,308.307373
618,332.5413573,297.6979993,307.1215402
619,321.6255112,301.5632736,317.5180377
620,367.6359116,290.3701522,317.2997484
621,363.7891122,310.0226677,330.72422
622,358.1092511,251.914349,250.8209829
623,328.8076905,305.0482639,335.5317472
624,292.9064034,294.9447909,328.3239663
625,382.2397828,283.1327912,332.9533435
626,389.1626995,300.4572835,304.5691712
627,307.328673,313.6463089,293.6382246
628,361.2048384,290.4423304,275.202819
629,324.62578,317.9849281,295.4068153
630,377.3016707,273.6486316,300.8923538
631,341.5958374,293.023424,321.2913452
632,330.4286148,315.1409155,301.0748647
633,360.4252927,297.9005755,331.5386351
634,387.9046354,295.7935594,297.7548067
635,321.6262275,319.4284804,295.5563607
636,307.7779686,301.9025944,300.9149866
637,345.6729665,311.0627805,320.3164815
638,315.7252822,303.0516198,304.5103478
639,370.4639562,280.4175884,280.1846815
640,378.3345799,298.5466624,309.9122477
641,333.7600243,291.4975349,293.8905242
642,321.2718456,279.6388595,276.0696451
643,386.0953101,298.5376453,300.0896389
644,331.8416753,316.6100295,296.0001096
645,319.5699397,309.2122475,279.9302389
646,336.1644191,283.8641816,285.1537441
647,347.2102882,287.2108877,313.3170293
648,339.986902,300.6082501,315.3849065
649,335.289067,293.0109927,296.3015602
650,374.1188866,307.9592698,307.5478468
651,335.8901708,318.3952882,312.2999689
652,304.5990538,314.7253215,287.5286209
653,302.1351608,294.8462893,329.5097175
654,358.1232032,304.4362827,301.4212332
655,318.1154594,288.1222144,281.7001359
656,366.9829028,299.2137755,299.7872384
657,310.7538028,304.9059174,293.1458272
658,292.3560586,311.6758842,319.8260029
659,340.289234,284.557719,271.8846761
660,320.1115812,296.4536221,297.1902518
661,294.4654757,322.9235982,307.1469665
662,349.276956,299.8641374,284.4306127
663,295.9105446,314.0187805,320.0474179
664,363.6960417,285.843486,288.3960217
665,292.7706073,296.0571428,280.0660015
666,341.9360227,319.5581143,319.5237515
667,349.5084997,304.7769486,288.8615645
668,274.7335609,304.1210243,309.3827948
669,355.031707,304.9666066,289.0672148
670,340.2601838,302.5786174,307.4463416
671,325.5685525,307.117296,314.7681721
672,313.5777474,321.7294252,288.1389861
673,353.9291093,294.1028329,285.8252414
674,316.3180501,322.3030525,330.3710656
675,337.8556598,301.6832902,299.1151209
676,311.049571,298.4356192,307.1503761
677,299.5565298,312.4604697,310.7371424
678,358.8845438,300.1558926,306.0288703
679,302.8957941,310.1015319,292.7921269
680,307.0955213,293.3422983,301.118982
681,305.5600111,313.0832797,309.4717187
682,316.6019601,310.0956353,308.5046468
683,312.8774426,320.5093814,286.4448586
684,297.6469194,304.9734528,271.9953911
685,310.9068177,284.8577281,288.9343963
686,281.949372,308.7036774,294.0250523
687,343.4470314,283.7904764,274.6811229
688,300.9686892,323.5981928,307.0177959
689,348.2357021,314.4041679,300.5221939
690,321.3696028,307.1179518,297.0956117
691,357.4303633,308.8771455,298.2705092
692,295.8120145,325.1246741,300.9278627
693,280.3368786,307.4161846,296.7557807
694,286.1303677,320.1086197,299.7530418
695,316.9521693,298.5149237,294.5565163
696,313.9673521,314.7605282,306.6444389
697,295.9079344,312.1238359,293.601958
698,312.5223021,321.1628028,287.7723839
699,335.7087353,315.771186,305.6211777
700,300.0982627,319.7594708,298.1715493
701,297.0182643,328.1320283,297.222385
702,319.2908984,312.1133559,307.9013751
703,287.7662174,330.5903135,297.152907
704,296.1432448,307.5032075,306.8577617
705,313.9184953,323.2209461,302.2588031
706,307.4124918,318.5683304,269.2846235
707,318.6629764,324.0231088,279.1448186
708,311.3931875,321.7145322,307.9461524
709,311.8079678,318.2962284,296.2326675
710,305.0145345,311.5467731,293.0590851
711,310.2788142,303.9355948,302.1913724
712,293.4576547,313.8780142,271.7761838
713,293.7342893,279.812753,283.4429492
714,282.2953974,315.8722515,290.5806872
715,279.2007828,330.9999031,295.015291
716,300.877179,334.8067898,297.96881
717,297.4235345,312.4584333,278.8905815
718,306.8670892,346.0186539,303.6475741
719,293.7685512,301.1940107,296.4839841
720,301.5584299,291.5451708,288.3578234
721,286.6014947,333.7824347,292.8497923
722,291.1096683,327.0850796,309.7093766
723,308.0978964,323.7501608,303.6880344
724,299.7497455,310.0945799,296.5547863
725,324.8375359,319.2747715,303.5364704
726,280.8716916,334.1881109,294.6244287
727,306.4543229,320.9145319,313.4988816
728,336.1008282,309.2567212,295.1029686
729,278.545241,327.8971661,301.7927455
730,328.7606585,309.519111,287.1235703
731,296.6868095,321.0362017,301.8149479
732,270.9583506,317.4069034,303.7831896
733,287.2689701,304.5181102,293.6554704
734,309.0787388,324.4235521,309.5426263
735,303.4635005,317.403797,307.3286702
736,285.1287823,323.8643599,299.8617309
737,285.1339112,350.9268238,314.6092342
738,263.1720357,333.8845258,301.4550509
739,294.8736582,306.9439689,286.0479966
740,277.8452744,303.6111739,309.166722
741,278.0912545,302.8809917,281.7380026
742,281.3545774,306.915083,320.0385536
743,323.9211886,316.7384472,302.6978623
744,290.0901942,317.7880576,275.1426264
745,287.714452,300.6579996,298.308231
746,312.5420713,335.9897955,297.6124516
747,293.758978,309.8016445,286.6691394
748,268.8312577,330.6368513,304.3833116
749,294.3520518,333.2827348,294.7018164
750,307.718659,322.7995197,298.74329
751,298.1015092,322.8256057,324.7404401
752,302.3663117,341.5382646,317.5314429
753,288.5717206,296.618228,270.4748458
754,299.8411999,325.0792176,305.8917496
755,308.8322689,334.8767602,298.5891366
756,320.2748849,318.9855195,290.794514
757,281.9203158,327.289439,297.1766082
758,280.6398721,330.8868471,327.025112
759,286.7023255,288.1140784,269.5938461
760,291.2999182,317.7201619,309.8622522
761,296.4182508,320.9883477,309.7944346
762,292.8620712,339.7857103,319.1520211
763,311.8671618,302.9487821,294.3857944
764,288.2942927,326.9743475,325.5671705
765,272.9785473,316.2671469,311.4877306
766,272.6333675,304.7031413,303.8149616
767,288.7478499,322.262186,278.2733009
768,308.8839681,323.8876902,315.6332166
769,309.5726522,336.282659,290.631392
770,294.2275732,344.5186089,328.4526848
771,290.5254445,343.8178407,297.2746189
772,291.160561,333.4227391,302.2451531
773,279.3643156,330.5498653,308.7816504
774,286.4971388,325.0622485,309.253891
775,288.0560653,298.8500026,286.5896694
776,281.4286104,316.2786228,295.6834294
777,294.3603401,310.1208613,288.9953092
778,283.1348246,316.492671,301.0048835
779,292.315888,337.2817593,314.2395213
780,304.1512975,320.9561097,303.0096864
781,260.6408727,325.1226298,303.7646597
782,299.0601953,334.8855917,298.827701
783,276.8777418,335.6000943,315.317156
784,303.9688173,311.05623,285.8668112
785,306.5248984,317.0551069,300.9670244
786,305.4674252,320.5348443,303.1566529
787,281.9311332,330.0022956,317.2887304
788,290.4490385,339.5284526,338.2064036
789,295.0260095,340.9498343,320.5910817
790,291.2897663,343.6322141,310.2459127
791,266.6243599,310.3162061,314.6181759
792,295.325164,296.2302918,294.7724882
793,278.5969915,308.9409273,310.3690487
794,304.0195602,329.9117767,328.1792128
795,277.2152607,334.2988791,318.30022
796,283.9281444,362.3091484,312.7931899
797,294.5471234,315.4109912,308.4944952
798,288.6016108,334.4490738,299.6705094
799,287.8382183,327.0309718,295.4291461
800,282.3158232,326.8733657,305.3005404
801,280.2296098,329.3468063,314.599196
802,285.3187163,329.0518853,298.1937408
803,304.7545765,325.9501714,288.0020713
804,313.7604343,312.398959,296.2464829
805,273.2585586,334.1092956,328.0435141
806,296.5594299,326.1230218,316.8885659
807,295.8487193,339.4433939,309.5000988
808,283.8553436,296.1134554,281.5094904
809,289.6370099,333.3321444,297.5524656
810,287.0617396,311.91529,283.5702534
811,280.0774811,325.932644,311.6322028
812,291.0762404,345.131256,308.1296201
813,298.4788651,320.1433679,308.924102
814,283.0408836,330.1463842,309.4961596
815,295.4645894,327.2834441,329.3549182
816,266.1925847,339.7960782,329.9857231
817,298.72812,344.2877214,292.8239714
818,286.5117245,305.9216446,301.9655532
819,287.1559613,318.8294801,293.4060055
820,273.1089269,308.8203593,298.5571922
821,272.50598,335.8056554,317.1566185
822,282.916236,324.8773964,310.0913848
823,292.9375763,334.8392052,294.1466884
824,271.5724627,339.5207381,320.4327849
825,287.608628,321.3092798,304.7545676
826,281.5704888,335.5025517,307.484239
827,277.3104903,319.491035,294.5906452
828,309.9557033,336.6288385,324.068407
829,301.419626,341.5957732,321.9662293
830,265.5572775,337.2193875,326.5884854
831,275.1878409,368.342173,322.9225312
832,302.0290789,317.5352415,298.8183704
833,294.2198696,334.8293366,313.615757
834,271.6786076,312.0168461,296.0957076
835,295.2116551,338.6304475,305.5288896
836,303.8302232,331.2287013,322.7362061
837,269.5370829,336.9120999,296.643792
838,285.8375662,310.9650368,291.1858078
839,310.2034286,338.6049484,326.103738
840,265.7151118,323.7876091,303.4453459
841,292.7444803,323.1586308,315.4036136
842,303.4554119,345.0555652,339.6272028
843,289.929821,335.626788,330.1275841
844,290.4918465,335.7612158,323.3010392
845,289.7588008,321.2320809,290.6506664
846,306.5674846,339.5093033,301.1427474
847,303.1013337,312.5997545,293.6799339
848,281.8509426,317.1759828,298.779199
849,287.9865213,334.2388304,293.7994137
850,269.6935762,346.2497182,335.0500362
851,291.2608912,330.8214582,308.9666957
852,281.3420352,312.9657267,314.1772512
853,299.152726,318.5397314,319.724145
854,303.6363231,332.9931517,325.0315269
855,281.3015502,352.2104475,336.6093822
856,290.8393625,330.1937608,324.1430524
857,294.8292251,318.50473,311.8648837
858,294.1763054,314.7406702,316.3298135
859,284.7358285,329.2898029,295.2812894
860,283.4188112,328.1082827,332.197488
861,285.2691312,331.1212357,329.2154252
862,260.943221,342.6802888,324.8634395
863,281.1395997,347.1759704,333.1458236
864,284.3568336,315.8452756,306.2854423
865,284.619811,326.1738584,325.9179518
866,287.2173988,345.2579065,336.5413776
867,307.830816,314.0569116,305.8149936
868,293.7625829,321.6648437,293.993233
869,302.4228688,342.7084291,353.0124075
870,284.0056009,334.655751,316.920486
871,288.3344331,328.7094416,313.0825355
872,279.932744,340.5376338,332.9954993
873,305.019811,335.0057507,322.0424791
874,309.1175845,345.5441433,346.7614653
875,298.492701,323.4156262,327.9537629
876,281.5571489,317.9173487,316.307098
877,302.5289757,325.8150535,297.4882464
878,274.2624089,334.6974223,326.2233969
879,307.7931037,318.7751063,323.9545931
880,284.5139221,345.6187579,338.4400339
881,280.1165239,340.42518,312.8729672
882,297.7930922,333.8546902,325.2921686
883,300.4359601,324.309118,306.0779146
884,287.8830677,327.5112357,322.6673503
885,289.3745191,318.4802721,323.6706136
886,282.8624621,338.8077207,303.9595464
887,300.7151241,331.3891695,327.0131732
888,283.9348621,337.2068193,319.6500265
889,293.9432052,320.3895586,297.4132978
890,273.5428047,317.0428849,311.2515459
891,288.4789534,325.1818229,297.8598671
892,276.5011621,328.8756731,315.5674689
893,306.4281902,324.5260373,307.1549543
894,313.1883299,338.7020519,307.2106057
895,294.9441692,326.1482084,319.4697996
896,302.3003644,331.4438706,326.2370858
897,292.3475772,328.7755885,320.3053047
898,302.7705801,325.5256627,321.8181961
899,298.2858765,333.9643295,338.4412489
900,292.72792,339.7947422,340.2730264
901,292.7102064,345.8065117,335.9823091
902,298.0760046,325.6867771,331.0894494
903,286.8782608,326.8047557,307.108908
904,310.7779051,325.9703397,340.9357989
905,303.9105379,321.5593389,325.9340683
906,270.7398664,346.4561427,343.5492463
907,284.5697045,324.2139761,314.7309878
908,264.0965248,316.57063,319.3359191
909,307.6666939,364.4332288,349.7183203
910,297.8460684,343.770089,316.5139816
911,293.145598,335.1394183,334.9538877
912,294.361771,336.4821379,337.294489
913,281.6602687,321.0888822,308.5602607
914,299.8323494,335.1159588,323.1250025
915,271.490906,323.229758,316.0108154
916,277.8900152,332.4374189,326.7067502
917,307.3202769,306.4302057,315.9810109
918,302.9754322,329.2837086,323.4649689
919,290.2956082,313.9783656,313.0809364
920,309.8148871,341.3050618,337.4099043
921,314.5472536,338.1905476,332.3828308
922,318.3273191,339.4405179,334.4636056
923,298.8219361,346.3061382,328.7655139
924,319.1474888,336.193128,337.6330166
925,306.426616,331.8248759,331.9957684
926,297.6019715,342.3598541,316.8086334
927,320.2658811,324.4054049,321.2845177
928,299.7351874,339.8880948,326.982538
929,300.0507395,337.9165588,340.5817473
930,285.037346,319.2046608,297.6854398
931,279.421709,343.0824319,336.3380394
932,325.5796864,344.1115772,339.2460724
933,304.7928077,330.3354823,319.8872221
934,304.9544931,307.6049517,309.8555359
935,290.6591538,320.5421708,307.76756
936,324.3328462,336.4299089,344.2774144
937,280.0405858,344.6690013,337.352366
938,273.9242344,334.0915887,336.725946
939,276.7427521,317.6939291,315.6666878
940,279.4159248,318.3948032,310.3237978
941,311.6943898,343.8911857,348.0984278
942,299.1459154,315.3719045,313.7371819
943,289.3426783,340.5345818,335.0553928
944,327.0089766,341.5633394,335.3469989
945,291.3381347,334.9836983,324.9400005
946,287.8737182,337.4324928,332.1179537
947,276.0340346,336.4330902,344.2184758
948,299.7258688,335.2807926,333.7385713
949,285.3974705,335.4387609,345.9325782
950,326.4835638,321.393152,334.7882433
951,308.8406008,350.002647,338.9132473
952,327.3976954,346.0286148,342.5592832
953,285.4515362,351.650778,337.6066019
954,312.4409715,344.6428609,357.7932054
955,324.8263233,318.3853502,318.8944529
956,320.4937641,329.4317178,327.4673839
957,293.4376328,316.757975,310.8744316
958,271.8874484,301.4021761,297.6930072
959,311.2493458,339.8528395,346.2986453
960,310.1577032,338.4998761,322.6871913
961,303.8212766,331.0887529,315.4851792
962,300.762416,332.3166981,328.3836496
963,275.560725,352.1071189,339.8048994
964,318.176348,333.1378943,331.572303
965,317.1946717,301.4257714,299.1405717
966,279.1799738,313.9380309,310.4941607
967,318.7095952,312.7143071,324.8039377
968,309.0647485,328.1919582,320.6609946
969,280.6880238,346.461585,350.0661818
970,295.546082,341.6837852,341.7572964
971,289.1202721,336.2816822,339.4729068
972,300.1587269,325.1789187,315.2342188
973,,328.3206675,320.7535957
974,,313.9073044,310.8842574
975,,331.2030018,317.6691385
976,,318.758133,307.9479365
977,,337.547267,340.4432374
978,,351.7349319,319.5466403
979,,325.199349,332.5758577
980,,326.2231871,331.8664016
981,,336.9619493,320.6547798
982,,337.5460927,349.8528357
983,,342.1676672,355.3860129
984,,317.1825159,315.7233696
985,,323.9975756,310.6856893
986,,331.7291664,320.6478966
987,,339.5361501,336.2810505
988,,342.3815848,350.4699128
989,,321.7778593,312.7950499
990,,316.9827807,326.7296235
991,,341.3395911,334.9386598
992,,347.7768546,323.0709338
993,,329.8155115,327.9493345
994,,328.5979177,338.2106983
995,,344.4357652,352.198585
996,,328.2324028,331.609137
997,,320.8036301,307.8012179
998,,328.9070653,314.4202831
999,,321.8930742,313.2034629
